﻿<?xml version="1.0" encoding="utf-8"?>
<wm version="1.0" >
	<wmconfig
		supportlanguage="ALL"
		name="wm0304"
		category="time"
		preview="preview.png"
		port_layout_gravity="bottom|center_horizontal"
		port_margin_bottom="30"
		land_layout_gravity="bottom|center_horizontal"
		land_margin_bottom="50"
		tip_width="469"
		tip_height="142"/>

	<monthvaluetextview id="monthvalue" type="abbreviation" marginLeft="10"
		 size="54" fontcolor="#ffffffff" shadowcolor="#59000000" shadowx="0" shadowy="0" shadowr="1"/>
	<location  id="location1" right="monthvalue" paddingLeft="9" paddingTop="6" paddingRight="9" paddingBottom="6" max_width="245" size="23" text="other_locatonwatermark_defaultlocation"  fontcolor="#ffffffff" shadowcolor="#59000000" shadowx="0" shadowy="0" shadowr="1" ellipsize="END"/>
	<date  id="date_1" below="location1" right="monthvalue"  marginLeft="9" size="23" fontcolor="#ffffffff" format="systema systemh:mm"
	 shadowcolor="#59000000" shadowx="0" shadowy="0" shadowr="1"/>
	<monthcontentslayout id="nowmonth" below="monthvalue">
		<weekdaytitletextview id="suntiltetext" w="64" gravity="center" size="23" marginTop="10" fontcolor="#ffffffff" text="other_calendarwatermark_sunday_abbreviate" shadowcolor="#59000000" shadowx="0" shadowy="0" shadowr="1" />
		<weekdaytitletextview id="montiltetext" right="suntiltetext" w="64" gravity="center" size="23" marginLeft="3" marginTop="9" fontcolor="#ffffffff" text="other_calendarwatermark_monday_abbreviate" shadowcolor="#59000000" shadowx="0" shadowy="0" shadowr="1" />
		<weekdaytitletextview id="tuetiltetext" right="montiltetext" w="64" gravity="center" size="23" marginLeft="3" marginTop="9" fontcolor="#ffffffff" text="other_calendarwatermark_tuesday_abbreviate" shadowcolor="#59000000" shadowx="0" shadowy="0" shadowr="1" />
		<weekdaytitletextview id="wedtiltetext" right="tuetiltetext" w="64" gravity="center" size="23" marginLeft="3" marginTop="9" fontcolor="#ffffffff" text="other_calendarwatermark_wednesday_abbreviate" shadowcolor="#59000000" shadowx="0" shadowy="0" shadowr="1" />
		<weekdaytitletextview id="thutiltetext" right="wedtiltetext" w="64" gravity="center" size="23" marginLeft="3" marginTop="9" fontcolor="#ffffffff" text="other_calendarwatermark_thursday_abbreviate" shadowcolor="#59000000" shadowx="0" shadowy="0" shadowr="1" />
		<weekdaytitletextview id="fritiltetext" right="thutiltetext" w="64" gravity="center" size="23" marginLeft="3" marginTop="9" fontcolor="#ffffffff" text="other_calendarwatermark_friday_abbreviate" shadowcolor="#59000000" shadowx="0" shadowy="0" shadowr="1" />
		<weekdaytitletextview id="sattiltetext" right="fritiltetext" w="64" gravity="center" size="23" marginLeft="3" marginTop="9" fontcolor="#ffffffff" text="other_calendarwatermark_saturday_abbreviate" shadowcolor="#59000000" shadowx="0" shadowy="0" shadowr="1" />
		<weekcontentslayout  id="nowweek" below="suntiltetext" marginTop="5">
			<weekdayvaluetextview id="sundaytext" w="64" h="45" size="23" gravity="center" fontcolor="#ffffffff" shadowcolor="#59000000" shadowx="0" shadowy="0" shadowr="1"/>
			<weekdayvaluetextview id="mondaytext" right="sundaytext" marginLeft="3" w="64" h="45" size="23" gravity="center" fontcolor="#ffffffff" shadowcolor="#59000000" shadowx="0" shadowy="0" shadowr="1"/>
			<weekdayvaluetextview id="tuesdaytext" right="mondaytext" marginLeft="3" w="64" h="45" size="23" gravity="center" fontcolor="#ffffffff" shadowcolor="#59000000" shadowx="0" shadowy="0" shadowr="1"/>
			<weekdayvaluetextview id="wednesdaytext" right="tuesdaytext" marginLeft="3" w="64" h="45" size="23" gravity="center" fontcolor="#ffffffff" shadowcolor="#59000000" shadowx="0" shadowy="0" shadowr="1"/>
			<weekdayvaluetextview id="thursdaytext" right="wednesdaytext" marginLeft="3" w="64" h="45" size="23" gravity="center" fontcolor="#ffffffff" shadowcolor="#59000000" shadowx="0" shadowy="0" shadowr="1"/>
			<weekdayvaluetextview id="fridaytext" right="thursdaytext" marginLeft="3" w="64" h="45" size="23" gravity="center" fontcolor="#ffffffff" shadowcolor="#59000000" shadowx="0" shadowy="0" shadowr="1"/>
			<weekdayvaluetextview id="saturdaytext" right="fridaytext" marginLeft="3" w="64" h="45" size="23" gravity="center" fontcolor="#ffffffff" shadowcolor="#59000000" shadowx="0" shadowy="0" shadowr="1"/>
			<image id="weekcontentsselectedicon"  w="64" h="45" pic="calendar_mark.png"/>
		</weekcontentslayout>
	</monthcontentslayout>
</wm>